﻿[
    {
        "region": "全身",
        "names": [
            {
                "name": "貧血",
                "note": "なし"
            },
            {
                "name": "撮影範囲内",
                "note": "なし"
            },
            {
                "name": "全身",
                "note": "なし"
            },
            {
                "name": "悪性病変",
                "note": "なし"
            },
            {
                "name": "悪性を疑う異常集積を指定できません",
                "note": "なし"
            },
            {
                "name": "高安動脈炎",
                "note": "なし"
            },
            {
                "name": "糖尿病",
                "note": "なし"
            },
            {
                "name": "原発巣",
                "note": "なし"
            },
            {
                "name": "マントル細胞リンパ腫",
                "note": "なし"
            },
            {
                "name": "濾胞型リンパ腫",
                "note": "なし"
            },
            {
                "name": "濾胞性リンパ腫",
                "note": "なし"
            },
            {
                "name": "非ホジキンリンパ腫",
                "note": "なし"
            },
            {
                "name": "中枢神経系",
                "note": "なし"
            },
            {
                "name": "転移性骨腫瘍",
                "note": "なし"
            },
            {
                "name": "疼痛",
                "note": "なし"
            },
            {
                "name": "PTCL",
                "note": "末梢性T細胞リンパ腫の略"
            },
            {
                "name": "末梢性T細胞リンパ腫",
                "note": "通称:'PTCL'"
            },
            {
                "name": "NOS",
                "note": "not other wise specifiedの略"
            },
            {
                "name": "ホジキン病",
                "note": "いずれも特に周囲に手がかりがなく、単体で出た場合"
            },
            {
                "name": "リンパ節",
                "note": "特に部位の指定がない場合"
            },
            {
                "name": "SIL-2R",
                "note": "なし"
            },
            {
                "name": "頭頂部から鼠径部",
                "note": "なし"
            },
            {
                "name": "リンパ形質細胞性リンパ腫",
                "note": "なし"
            },
            {
                "name": "菌状息肉症",
                "note": "なし"
            },
            {
                "name": "自覚症状なし",
                "note": "なし"
            },
            {
                "name": "高CEA血症",
                "note": "なし"
            },
            {
                "name": "高血糖",
                "note": "なし"
            },
            {
                "name": "本態性血小板血症",
                "note": "なし"
            }
        ]
    },
    {
        "region": "頭部",
        "names": [
            {
                "name": "頭頂部",
                "note": "なし"
            },
            {
                "name": "頭頂葉",
                "note": "なし"
            },
            {
                "name": "硬膜下血腫",
                "note": "なし"
            },
            {
                "name": "頭蓋骨",
                "note": "なし"
            },
            {
                "name": "脳",
                "note": "なし"
            },
            {
                "name": "下垂体",
                "note": "なし"
            },
            {
                "name": "脳腫瘍",
                "note": "なし"
            },
            {
                "name": "脳血管障害",
                "note": "なし"
            },
            {
                "name": "眼窩",
                "note": "なし"
            },
            {
                "name": "視床",
                "note": "なし"
            },
            {
                "name": "小脳半球",
                "note": "なし"
            },
            {
                "name": "前頭葉",
                "note": "なし"
            },
            {
                "name": "側頭葉",
                "note": "なし"
            },
            {
                "name": "後頭葉",
                "note": "なし"
            },
            {
                "name": "トルコ鞍",
                "note": "なし"
            },
            {
                "name": "mass effect",
                "note": "なし"
            },
            {
                "name": "認知症",
                "note": "なし"
            },
            {
                "name": "クモ膜",
                "note": "くも膜"
            },
            {
                "name": "耳介",
                "note": "なし"
            },
            {
                "name": "髄膜腫",
                "note": "なし"
            },
            {
                "name": "頭蓋底",
                "note": "なし"
            },
            {
                "name": "斜台",
                "note": "なし"
            },
            {
                "name": "前額部",
                "note": "なし"
            },
            {
                "name": "脳室",
                "note": "なし"
            },
            {
                "name": "クモ膜下出血",
                "note": "なし"
            },
            {
                "name": "大後頭孔左側",
                "note": "なし"
            }
        ]
    },
    {
        "region": "頭頚部",
        "names": [
            {
                "name": "齲歯",
                "note": "虫歯の別称"
            },
            {
                "name": "顎下リンパ節",
                "note": "なし"
            },
            {
                "name": "顎下線",
                "note": "なし"
            },
            {
                "name": "上顎骨",
                "note": "なし"
            },
            {
                "name": "オトガイ",
                "note": "おとがい"
            },
            {
                "name": "甲状腺",
                "note": "なし"
            },
            {
                "name": "上咽頭",
                "note": "なし"
            },
            {
                "name": "咽頭癌",
                "note": "なし"
            },
            {
                "name": "ラリンゴマイクロサージェリー",
                "note": "なし"
            },
            {
                "name": "扁桃腺",
                "note": "なし"
            },
            {
                "name": "口蓋",
                "note": "なし"
            },
            {
                "name": "口蓋扁桃",
                "note": "なし"
            },
            {
                "name": "項部",
                "note": "うなじのこと"
            },
            {
                "name": "声帯",
                "note": "なし"
            },
            {
                "name": "声門部",
                "note": "なし"
            },
            {
                "name": "頸部",
                "note": "なし"
            },
            {
                "name": "副神経リンパ節",
                "note": "なし"
            },
            {
                "name": "頸椎",
                "note": "なし"
            },
            {
                "name": "頸部リンパ節",
                "note": "なし"
            },
            {
                "name": "頸動脈",
                "note": "なし"
            },
            {
                "name": "内頸静脈",
                "note": "なし"
            },
            {
                "name": "気管切開部",
                "note": "なし"
            },
            {
                "name": "輪状軟骨下縁",
                "note": "なし"
            },
            {
                "name": "椎体C*",
                "note": "頸椎のこと。頸椎はC1～C7まである"
            },
            {
                "name": "後縦靭帯",
                "note": "なし"
            },
            {
                "name": "耳下腺",
                "note": "なし"
            },
            {
                "name": "唾液腺",
                "note": "なし"
            },
            {
                "name": "上顎洞",
                "note": "なし"
            },
            {
                "name": "頸部食道",
                "note": "食道は頸部から腹部まで伸びているのでよく確認すること"
            },
            {
                "name": "副鼻腔炎",
                "note": "なし"
            },
            {
                "name": "篩骨洞",
                "note": "しこつどう"
            },
            {
                "name": "梨状窩",
                "note": "なし"
            },
            {
                "name": "斜角筋",
                "note": "なし"
            },
            {
                "name": "舌部末端",
                "note": "なし"
            },
            {
                "name": "舌背側正中",
                "note": "なし"
            },
            {
                "name": "耳腹",
                "note": "なし"
            },
            {
                "name": "胸鎖乳突筋",
                "note": "なし"
            },
            {
                "name": "蝶形洞",
                "note": "なし"
            },
            {
                "name": "深頸",
                "note": "なし"
            },
            {
                "name": "喉頭蓋",
                "note": "なし"
            },
            {
                "name": "Rosenmuller窩",
                "note": "なし"
            },
            {
                "name": "口底",
                "note": "なし"
            },
            {
                "name": "咬筋",
                "note": "なし"
            },
            {
                "name": "篩骨蜂巣",
                "note": "なし"
            },
            {
                "name": "咀嚼筋",
                "note": "なし"
            },
            {
                "name": "唾石",
                "note": "なし"
            },
            {
                "name": "頸半棘筋",
                "note": "なし"
            },
            {
                "name": "ワルチン腫瘍",
                "note": "なし"
            },
            {
                "name": "鎖骨上窩",
                "note": "なし"
            },
            {
                "name": "口腔",
                "note": "なし"
            },
            {
                "name": "頬",
                "note": "なし"
            },
            {
                "name": "鎖骨上窩",
                "note": "なし"
            },
            {
                "name": "心嚢水",
                "note": "なし"
            },
            {
                "name": "副神経領域",
                "note": "なし"
            },
            {
                "name": "側頚部",
                "note": "則頸部"
            }
        ]
    },
    {
        "region": "胸部",
        "names": [
            {
                "name": "縦隔",
                "note": "なし"
            },
            {
                "name": "リンパ節",
                "note": "周囲の文章から特定できない場合は全身"
            },
            {
                "name": "#*リンパ節",
                "note": "胸部リンパ節は#1～#14まである"
            },
            {
                "name": "冠動脈",
                "note": "なし"
            },
            {
                "name": "LAD",
                "note": "なし"
            },
            {
                "name": "肋骨",
                "note": "なし"
            },
            {
                "name": "腋窩",
                "note": "えきか"
            },
            {
                "name": "陳旧性炎症",
                "note": "なし"
            },
            {
                "name": "大動脈弁",
                "note": "なし"
            },
            {
                "name": "大動脈弓",
                "note": "なし"
            },
            {
                "name": "S8",
                "note": "なし"
            },
            {
                "name": "S9",
                "note": "なし"
            },
            {
                "name": "S10",
                "note": "なし"
            },
            {
                "name": "横隔膜",
                "note": "なし"
            },
            {
                "name": "横隔膜脚部",
                "note": "後横隔膜脚部もある"
            },
            {
                "name": "上葉",
                "note": "なし"
            },
            {
                "name": "中葉末梢",
                "note": "なし"
            },
            {
                "name": "下葉",
                "note": "なし"
            },
            {
                "name": "舌区",
                "note": "頭頚部の舌と区別すること"
            },
            {
                "name": "舌区末梢",
                "note": "なし"
            },
            {
                "name": "右傍気管",
                "note": "なし"
            },
            {
                "name": "気腫性変化",
                "note": "なし"
            },
            {
                "name": "Th",
                "note": "テーハー"
            },
            {
                "name": "食道",
                "note": "部位によっては頭頚部or胸部or腹部となるため、周囲の文章から判断すること"
            },
            {
                "name": "食道中部",
                "note": "なし"
            },
            {
                "name": "下部食道",
                "note": "なし"
            },
            {
                "name": "食道裂孔ヘルニア",
                "note": "なし"
            },
            {
                "name": "心嚢液",
                "note": "なし"
            },
            {
                "name": "乳腺",
                "note": "なし"
            },
            {
                "name": "鎖骨",
                "note": "なし"
            },
            {
                "name": "心肥大",
                "note": "なし"
            },
            {
                "name": "胸椎",
                "note": "胸椎はT1～T12まである"
            },
            {
                "name": "胸鎖関節",
                "note": "なし"
            },
            {
                "name": "胸腺嚢胞",
                "note": "なし"
            },
            {
                "name": "胸腺癌",
                "note": "なし"
            },
            {
                "name": "気管支",
                "note": "なし"
            },
            {
                "name": "気道",
                "note": "なし"
            },
            {
                "name": "アスペルギルス",
                "note": "なし"
            },
            {
                "name": "ノカルジア",
                "note": "なし"
            },
            {
                "name": "心筋",
                "note": "なし"
            },
            {
                "name": "肺門",
                "note": "なし"
            },
            {
                "name": "肩関節",
                "note": "なし"
            },
            {
                "name": "背部頭側皮下",
                "note": "なし"
            },
            {
                "name": "肩甲骨",
                "note": "なし"
            },
            {
                "name": "post-bentall",
                "note": "なし"
            },
            {
                "name": "無気肺",
                "note": "なし"
            },
            {
                "name": "ICD",
                "note": "ペースメーカー"
            },
            {
                "name": "マンモPET",
                "note": "なし"
            },
            {
                "name": "Pacemaker implanted",
                "note": "なし"
            },
            {
                "name": "心耳",
                "note": "なし"
            },
            {
                "name": "azygoesophageal recess",
                "note": "なし"
            },
            {
                "name": "アスベスト",
                "note": "なし"
            },
            {
                "name": "側方郭清",
                "note": "なし"
            },
            {
                "name": "C領域",
                "note": "なし"
            },
            {
                "name": "棘下筋",
                "note": "なし"
            },
            {
                "name": "脊柱起立筋",
                "note": "なし"
            },
            {
                "name": "頸部側吻合部",
                "note": "なし"
            },
            {
                "name": "横隔膜穹窿部",
                "note": "なし"
            },
            {
                "name": "LK",
                "note": "肺癌のこと"
            },
            {
                "name": "肺癌",
                "note": "LKのこと"
            },
            {
                "name": "弓部大動脈",
                "note": "なし"
            },
            {
                "name": "胸鎖乳突筋",
                "note": "なし"
            },
            {
                "name": "胸鎖乳頭筋",
                "note": "なし"
            },
            {
                "name": "弾性線維腫",
                "note": "なし"
            },
            {
                "name": "上行大動脈",
                "note": "なし"
            },
            {
                "name": "心臓",
                "note": "なし"
            },
            {
                "name": "心周囲脂肪",
                "note": "なし"
            },
            {
                "name": "tube挿入",
                "note": "なし"
            },
            {
                "name": "左A/C領域",
                "note": "なし"
            },
            {
                "name": "奇静脈食道陥凹",
                "note": "なし"
            },
            {
                "name": "腕頭動脈",
                "note": "その他の腕と区別すること"
            },
            {
                "name": "大動脈裂孔",
                "note": "なし"
            },
            {
                "name": "肋間筋",
                "note": "なし"
            },
            {
                "name": "胸部CT",
                "note": "なし"
            },
            {
                "name": "乳腺PET",
                "note": "なし"
            },
            {
                "name": "上背部",
                "note": "なし"
            },
            {
                "name": "僧帽弁",
                "note": "なし"
            },
            {
                "name": "気管支壁",
                "note": "なし"
            },
            {
                "name": "喀痰細胞",
                "note": "なし"
            },
            {
                "name": "Tbc",
                "note": "肺結核のこと"
            },
            {
                "name": "小細胞癌",
                "note": "なし"
            }
        ]
    },
    {
        "region": "腹部",
        "names": [
            {
                "name": "回盲部",
                "note": "なし"
            },
            {
                "name": "肝",
                "note": "なし"
            },
            {
                "name": "胃",
                "note": "なし"
            },
            {
                "name": "肝臓",
                "note": "なし"
            },
            {
                "name": "肝門",
                "note": "なし"
            },
            {
                "name": "肝嚢胞",
                "note": "なし"
            },
            {
                "name": "脂肪肝",
                "note": "なし"
            },
            {
                "name": "胆管",
                "note": "なし"
            },
            {
                "name": "下部総胆管",
                "note": "なし"
            },
            {
                "name": "膵頭部",
                "note": "なし"
            },
            {
                "name": "主膵管",
                "note": "なし"
            },
            {
                "name": "胆嚢",
                "note": "なし"
            },
            {
                "name": "胆道系",
                "note": "なし"
            },
            {
                "name": "胆摘",
                "note": "なし"
            },
            {
                "name": "膵臓",
                "note": "なし"
            },
            {
                "name": "鉤部",
                "note": "こうぶ"
            },
            {
                "name": "横隔膜下",
                "note": "なし"
            },
            {
                "name": "脾門",
                "note": "なし"
            },
            {
                "name": "脾臓",
                "note": "なし"
            },
            {
                "name": "脾腫",
                "note": "なし"
            },
            {
                "name": "副腎",
                "note": "なし"
            },
            {
                "name": "腎盂",
                "note": "なし"
            },
            {
                "name": "腎嚢胞",
                "note": "なし"
            },
            {
                "name": "腎臓",
                "note": "なし"
            },
            {
                "name": "腎門",
                "note": "なし"
            },
            {
                "name": "腎下極",
                "note": "なし"
            },
            {
                "name": "腎不全",
                "note": "なし"
            },
            {
                "name": "直腸",
                "note": "なし"
            },
            {
                "name": "前立腺",
                "note": "なし"
            },
            {
                "name": "仙腸関節",
                "note": "なし"
            },
            {
                "name": "腸骨",
                "note": "なし"
            },
            {
                "name": "盲腸",
                "note": "なし"
            },
            {
                "name": "上行結腸",
                "note": "なし"
            },
            {
                "name": "横行結腸",
                "note": "なし"
            },
            {
                "name": "下行結腸",
                "note": "なし"
            },
            {
                "name": "葉S*",
                "note": "葉の後にS1～S8があれば肝臓"
            },
            {
                "name": "下大静脈",
                "note": "なし"
            },
            {
                "name": "L*椎体",
                "note": "腰椎のこと。腰椎はL1～L5まである"
            },
            {
                "name": "椎体L*",
                "note": "腰椎のこと。腰椎はL1～L5まである"
            },
            {
                "name": "腰椎",
                "note": "腰椎はL1～L5まである"
            },
            {
                "name": "胃穹窿部",
                "note": "なし"
            },
            {
                "name": "肝弯曲",
                "note": "なし"
            },
            {
                "name": "陰嚢水腫",
                "note": "なし"
            },
            {
                "name": "会陰",
                "note": "なし"
            },
            {
                "name": "直腸状動脈",
                "note": "rectosigmoid artery"
            },
            {
                "name": "上直腸動脈",
                "note": "superior rectal artery"
            },
            {
                "name": "直腸間膜",
                "note": "mesorectum"
            },
            {
                "name": "下腸間動脈",
                "note": "IMA"
            },
            {
                "name": "十二指腸乳頭部",
                "note": "ファーター乳頭部"
            },
            {
                "name": "閉鎖部",
                "note": "なし"
            },
            {
                "name": "閉鎖節",
                "note": "なし"
            },
            {
                "name": "胆石",
                "note": "なし"
            },
            {
                "name": "腸腰筋",
                "note": "なし"
            },
            {
                "name": "鼠径部",
                "note": "なし"
            },
            {
                "name": "鼠径ヘルニア",
                "note": "鼡径ヘルニア"
            },
            {
                "name": "虫垂",
                "note": "なし"
            },
            {
                "name": "仙骨",
                "note": "なし"
            },
            {
                "name": "頸管",
                "note": "子宮頸管"
            },
            {
                "name": "股関節",
                "note": "なし"
            },
            {
                "name": "恥骨",
                "note": "なし"
            },
            {
                "name": "尿管",
                "note": "なし"
            },
            {
                "name": "S状結腸",
                "note": "なし"
            },
            {
                "name": "食道胃接合部",
                "note": "なし"
            },
            {
                "name": "噴門",
                "note": "なし"
            },
            {
                "name": "幽門",
                "note": "なし"
            },
            {
                "name": "腹膜",
                "note": "なし"
            },
            {
                "name": "憩室",
                "note": "けいしつ"
            },
            {
                "name": "寛骨",
                "note": "なし"
            },
            {
                "name": "臍",
                "note": "へそ"
            },
            {
                "name": "腹腔",
                "note": "なし"
            },
            {
                "name": "坐骨",
                "note": "なし"
            },
            {
                "name": "臀部",
                "note": "なし"
            },
            {
                "name": "尻",
                "note": "なし"
            },
            {
                "name": "便秘",
                "note": "なし"
            },
            {
                "name": "ileocolic artery",
                "note": "なし"
            },
            {
                "name": "PTCD",
                "note": "PTCDtube"
            },
            {
                "name": "閉鎖リンパ節",
                "note": "なし"
            },
            {
                "name": "CA125値",
                "note": "なし"
            },
            {
                "name": "大網",
                "note": "なし"
            },
            {
                "name": "ダグラス窩",
                "note": "なし"
            },
            {
                "name": "褐色細胞腫",
                "note": "副腎のケースが非常に多い"
            },
            {
                "name": "バウヒン弁",
                "note": "なし"
            },
            {
                "name": "臼蓋",
                "note": "なし"
            },
            {
                "name": "心窩",
                "note": "みぞおちのこと"
            },
            {
                "name": "尾状葉",
                "note": "なし"
            },
            {
                "name": "GIST",
                "note": "なし"
            },
            {
                "name": "殿筋",
                "note": "なし"
            },
            {
                "name": "閉鎖筋",
                "note": "なし"
            },
            {
                "name": "閉鎖孔",
                "note": "なし"
            },
            {
                "name": "SMA",
                "note": "なし"
            },
            {
                "name": "SMV",
                "note": "なし"
            },
            {
                "name": "門脈",
                "note": "なし"
            },
            {
                "name": "peribiliary cyst",
                "note": "胆管周囲嚢胞"
            },
            {
                "name": "right colic artery",
                "note": "なし"
            },
            {
                "name": "IPMN",
                "note": "なし"
            },
            {
                "name": "大彎",
                "note": "なし"
            },
            {
                "name": "痔",
                "note": "なし"
            },
            {
                "name": "膵尾部",
                "note": "なし"
            },
            {
                "name": "水腎症",
                "note": "なし"
            },
            {
                "name": "骨盤内右側内",
                "note": "なし"
            },
            {
                "name": "膀胱癌",
                "note": "なし"
            },
            {
                "name": "卵巣",
                "note": "なし"
            },
            {
                "name": "傍大動脈リンパ節",
                "note": "なし"
            },
            {
                "name": "腹部食道",
                "note": "なし"
            },
            {
                "name": "心窩部",
                "note": "なし"
            },
            {
                "name": "漿膜下筋腫",
                "note": "なし"
            },
            {
                "name": "十二指腸乳頭部癌",
                "note": "なし"
            },
            {
                "name": "脊柱管狭窄症",
                "note": "なし"
            },
            {
                "name": "乳頭部",
                "note": "胸部の乳頭とは別なので注意すること"
            },
            {
                "name": "憩室炎",
                "note": "なし"
            },
            {
                "name": "回旋枝",
                "note": "なし"
            },
            {
                "name": "大殿筋",
                "note": "なし"
            },
            {
                "name": "中殿筋",
                "note": "なし"
            },
            {
                "name": "左心耳",
                "note": "なし"
            },
            {
                "name": "臍部",
                "note": "なし"
            },
            {
                "name": "筋腫",
                "note": "前文が子宮に関連している場合は腹部判定すること"
            },
            {
                "name": "副脾",
                "note": "なし"
            },
            {
                "name": "膵頚部",
                "note": "なし"
            },
            {
                "name": "HCC",
                "note": "Hepatocellular Carcinoma"
            },
            {
                "name": "肝細胞癌",
                "note": "HCC(Hepatocellular Carcinoma)のこと"
            },
            {
                "name": "TUR-BT",
                "note": "なし"
            },
            {
                "name": "梨状筋",
                "note": "なし"
            },
            {
                "name": "CCC",
                "note": "胆管細胞癌"
            },
            {
                "name": "尾骨",
                "note": "なし"
            },
            {
                "name": "Douglas窩",
                "note": "なし"
            },
            {
                "name": "PSA",
                "note": "なし"
            },
            {
                "name": "大動脈周囲リンパ節",
                "note": "なし"
            },
            {
                "name": "痔瘻",
                "note": "なし"
            }
        ]
    },
    {
        "region": "頭頸部＆胸部＆腹部",
        "names": [
            {
                "name": "傍椎体部",
                "note": "なし"
            }
        ]
    },
    {
        "region": "胸部＆腹部",
        "names": [
            {
                "name": "上部消化管",
                "note": "なし"
            },
            {
                "name": "消化管",
                "note": "なし"
            },
            {
                "name": "体幹部",
                "note": "なし"
            },
            {
                "name": "背筋",
                "note": "なし"
            },
            {
                "name": "脊椎側弯",
                "note": "別称：脊椎側彎"
            },
            {
                "name": "側弯",
                "note": "別称：側彎"
            },
            {
                "name": "傍脊柱",
                "note": "なし"
            },
            {
                "name": "下行大動脈",
                "note": "なし"
            }
        ]
    },
    {
        "region": "その他",
        "names": [
            {
                "name": "大腿骨",
                "note": "下肢"
            },
            {
                "name": "大腿動脈",
                "note": "なし"
            },
            {
                "name": "大腿骨頸部",
                "note": "なし"
            },
            {
                "name": "上腕骨頭",
                "note": "なし"
            },
            {
                "name": "肘関節",
                "note": "なし"
            },
            {
                "name": "示指",
                "note": "指"
            },
            {
                "name": "踵部",
                "note": "'かかと'のこと"
            },
            {
                "name": "腓骨",
                "note": "太ももにある骨のこと"
            },
            {
                "name": "下肢",
                "note": "なし"
            },
            {
                "name": "内転筋",
                "note": "なし"
            },
            {
                "name": "母趾",
                "note": "なし"
            },
            {
                "name": "ASOバイパス",
                "note": "なし"
            },
            {
                "name": "縫工筋",
                "note": "なし"
            },
            {
                "name": "橈骨",
                "note": "腕にある骨のこと"
            },
            {
                "name": "下腹部両側大腿部",
                "note": "なし"
            },
            {
                "name": "尺骨",
                "note": "腕にある骨のこと"
            },
            {
                "name": "膝関節",
                "note": "なし"
            },
            {
                "name": "バックグラウンド",
                "note": "なし"
            },
            {
                "name": "IL2-R上昇傾向",
                "note": "なし"
            },
            {
                "name": "鳥口腕筋",
                "note": "なし"
            }
        ]
    },
    {
        "region": "周囲の文章によって判定",
        "names": [
            {
                "name": "反回神経",
                "note": "頭頚部or胸部判定"
            },
            {
                "name": "右葉",
                "note": "頭頚部or腹部判定、（甲状腺と肝臓にある器官）"
            },
            {
                "name": "左葉",
                "note": "頭頚部or腹部判定、（甲状腺と肝臓にある器官）"
            },
            {
                "name": "腺癌",
                "note": "頭頚部or胸部or腹部判定"
            },
            {
                "name": "臓器",
                "note": "頭頚部or胸部or腹部判定"
            },
            {
                "name": "躯幹",
                "note": "頭頚部or胸部or腹部判定、（読み方：くかん）"
            },
            {
                "name": "動脈硬化",
                "note": "頭頚部or胸部or腹部判定"
            },
            {
                "name": "シュモール結節",
                "note": "頭頚部or胸部or腹部判定"
            },
            {
                "name": "漿膜面",
                "note": "胸部or腹部判定、（読み方：しょうまくめん"
            },
            {
                "name": "大動脈",
                "note": "胸部or腹部判定"
            },
            {
                "name": "大動脈解離",
                "note": "胸部or腹部判定"
            },
            {
                "name": "大大動脈瘤",
                "note": "胸部or腹部判定"
            },
            {
                "name": "広背筋",
                "note": "胸部or腹部判定"
            },
            {
                "name": "debranching TEVAR",
                "note": "不明"
            },
            {
                "name": "扁平上皮癌",
                "note": "胸部（肺）の頻度が高いが、他の部位の事もある（頭頚部or胸部or腹部）"
            },
            {
                "name": "充実腺癌",
                "note": "胸部の可能性が高い（周囲の文章をよく見ること）"
            },
            {
                "name": "吻合部",
                "note": "胃の可能性が高い、よって腹部判定、（読み方：ふんごうぶ）"
            },
            {
                "name": "動脈瘤",
                "note": "周囲の文章から部位が特定できればそのラベル。特定できなければ全身判定"
            },
            {
                "name": "筋層浸潤",
                "note": "腹部（膀胱癌）の可能性が高いが、他の部位のこともある（周囲の文章から特定できなければ全身判定）"
            },
            {
                "name": "椎体",
                "note": "頸椎、胸椎、腰椎とあるので周囲の文章から判断すること（特定できなければ頭頚部＆胸部＆腹部判定）"
            },
            {
                "name": "サルコイドーシス",
                "note": "肺の可能性が高いが、全身の臓器に起こりうる病変"
            },
            {
                "name": "カルチノイド",
                "note": "直腸のケースが多いが周囲の文章による（肺や気管支の可能性あり）"
            },
            {
                "name": "後縦靭帯骨化症",
                "note": "椎体全部なので周囲の文章から判断すること"
            },
            {
                "name": "ランゲルハンス",
                "note": "ランゲルハンス細胞組織球症（LCH）が多い、肺が多いが全身に起こりうる"
            },
            {
                "name": "悪性リンパ腫",
                "note": "周囲の文章から判断、わからなければ全身判定"
            },
            {
                "name": "動脈壁",
                "note": "周囲から部位が特定できればそのラベル。特定できなければ全身判定"
            },
            {
                "name": "骨髄",
                "note": "周囲の文章から判断、わからなければ全身判定"
            },
            {
                "name": "原発巣",
                "note": "最初に癌が発生した器官のこと。その器官が特定できるのであればそのラベルを付ける"
            },
            {
                "name": "骨転移",
                "note": "周囲の文章から判断、特定できなければ全身判定"
            },
            {
                "name": "．",
                "note": "．など記号だけで文となっているものはその他判定"
            },
            {
                "name": "PET-CT",
                "note": "'PET-CT'のみはその他、'PET-CT'に続いて何らかの内容が続く場合はその内容に基づいてラベルを付ける"
            },
            {
                "name": "全身PET-CT",
                "note": "'全身PET-CT'のみは全身、何らかの内容が続く場合はその内容に基づいてラベルを付ける"
            },
            {
                "name": "前回と比較して",
                "note": "周囲の文章から判断"
            },
            {
                "name": "経過観察ください",
                "note": "前の文章と同じラベルを付ける"
            },
            {
                "name": "診断結果とも比較",
                "note": "前の文章と同じラベルを付ける"
            },
            {
                "name": "♯NAME？",
                "note": "その他判定、文章を文に区切る段階で起きてしまったエラーだと推測される"
            }
        ]
    },
    {
        "region": "頸部＆胸部＆腹部",
        "names": [
            {
                "name": "傍椎体部",
                "note": "なし"
            }
        ]
    }
]